Science_Name,Name,Image,Red_list,Characteristic,Habitat
Abies delavayi,Vân sam Fansipan,creature/plant/Abies_delavayi.jpg,1,"Cây gỗ to, cao tới 30 m, vỏ nâu xám; cành nhẵn hay có lông màu vàng nâu, vết lá rụng ít lồi. Chồi đông hình trứng tới hình nón, màu đỏ nâu xanh, có nhựa trong, dài khoảng 8 mm được vẩy bao bọc. Lá mọc xoắn ốc, dày, dựng thẳng, hình dải, dài 1 - 3 cm, rộng khoảng 1 mm, đỉnh hơi lõm, mặt trên màu xanh sẫm, mặt dưới có 2 dải lỗ khí màu trắng mốc; mép hơi có răng cưa và cuộn xuống dưới. Nón cái gần không cuống, từ hình trứng đến hình trụ ngắn, đầu tròn, dài khoảng 8 cm, đường kính 4 cm, khi chín màu vàng nâu mang nhiều vảy hạt; vảy hạt ở phần giữa nón hình tam giác ngược hay hình quạt, dài 1,6 - 1,7 cm, rộng 2,3 - 2,4 cm, tròn ở đầu, mép hơi gợn sóng; lá vảy áp sát vào mặt ngoài ( abaxial) của vẩy hạt, cao chỉ bằng nửa chiều cao của vảy, hình tim có đuôi, đầu lõm với một mũi nhọn dài 1 cm. Hạt 2 ở mỗi vảy, gần tam giác, dài 1,2 - 1,6 cm kể cả cánh; cánh màu nâu đỏ hoặc nâu đen, gốc hình nêm, đầu cụt.","Nón xuất hiện tháng 4 - 5, hạt chín vào tháng 12. Gặp rải rác ở độ cao 2600 m, trong rừng cây lá rộng thường xanh mây mù, có khi sót lại sau lửa rừng, mọc xen với loài Trúc lùn."
Afzelia xylocarpa,Gõ đỏ,creature/plant/Afzelia_xylocarpa.jpg,1,"Cây gỗ lớn, rụng lá, cao 25-30 m, đường kính thân 0,8-1 m. Vỏ màu nâu xám, sần sùi, trên mặt có nhiều lỗ màu nâu. Cành non nhẵn. Lá kép lông chim một lần chẵn, với 3-5 đôi lá chét; lá chét hình trái xoan, dài 5-6 cm, rộng 4-5 cm, chóp lá nhọn, gốc tù, nhẵn ở cả hai mặt. Cụm hoa hình chuỳ ở đỉnh cành, dài 5-15 cm. Đài hình ống, cao 10-12 mm, đỉnh xẻ 5 thuỳ. Tràng màu hồng, dài 5-12 mm, mặt trong có lông. Nhị 7, hơi hợp ở gốc. Bầu cao 7 mm, có lông. Quả đậu dài 15-20 cm, rộng 6-9 cm, dày 2-3 cm, khi quả già hoá gỗ màu nâu thẫm, có 5-8 hạt. Hạt hình trứng, dài 25-30 mm, dày 18-24 mm, mầu nâu thẫm hay đen, ở gốc có áo hạt cứng, màu da cam.","Cây rụng lá vào khoảng tháng 12, đến tháng 1-2 (năm sau) ra lá non, có hoa khoảng tháng 3-4, quả chín tháng 10-11. Tái sinh tốt bằng hạt. Cây gặp ở rừng ẩm nhiệt đới, ở độ cao 300-700 m (có khi tới 1000 m), nơi đất bằng phẳng hay trên những sườn "
Aquilaria crassna,Trầm hương,creature/plant/Aquilaria_crassna.jpg,1,"Một loại gỗ lõi có nhựa, dùng lấy hương và trầm. Chất nhựa tiết ra từ cây để đáp lại việc nhiễm một loài mốc ký sinh. Cây gỗ to, thường xanh, cao đến 15 - 20 m, có khi tới 30 m, đường kính 40 - 50 cm hay hơn. Vỏ màu nâu xám, nứt dọc, dễ bóc. Cành có lông, có màu nâu sẫm với các lỗ khí trên phần già. Chồi ngọn có lông màu vàng nhạt. Tán lá thưa. Lá hình trứng thuôn, bầu dục hay hình giáo dài, mặt trên màu xanh bóng, mặt dưới màu nhạt hơn và có lông mịn, chóp lá có mũi nhọn, gốc lá nhọn hoặc tù, tận cùng thành mép dày và hơi cuộn lại, cuống lá dài 4 - 5 mm, có lông nhẹ. Hoa nhỏ, mọc thành cụm hình tán ở nách lá gần đầu cành non, màu vàng nhạt; cuống hoa dài 0,6 - 1 cm, có lông mỏng. Đài hình chuông, nông, 5 thùy, có lông. Phần phụ cánh hoa dạng trứng, dài 1 mm, có lông rậm, và đính ở họng đế hoa. Quả nang hình trứng ngược, dài 4 cm, rộng 3 cm, khi khô nứt làm hai mảnh, cứng, có lông mềm màu vàng xám, mang đài tồn tại. Cuống quả dài 1 cm. ","Ra hoa tháng 2 - 4, quả chín tháng 5 - 7. Khả năng tái sinh tốt nơi sáng, nhưng cây mạ ít gặp dưới tán rừng rậm, thường chỉ gặp nơi có ánh sáng trong rừng hoặc ven rừng. Cây thường mọc rải rác trong rừng kín thường xanh, ở độ cao 300 - 1000 m. trên sườn dốc và thoát nước. Ưa đất feralit điển hình hay feralit núi phát triển trên đá kết, đá phiến, hoặc đá granit, tầng đất trung bình hoặc mỏng, hơi ẩm, độ pH biến động từ 4 - 6."
Bauhinia variegata,Cây hoa ban,creature/plant/Bauhinia_variegata.jpg,1,"Cây gỗ lớn cao 6 - 15m; nhánh non có lông mịn. Lá rụng theo mùa, phiến xanh nhạt, mặt trên không lông, mặt dưới có ít lông. Chùm hoa dài đến 20 - 30cm, hơi thòng; hoa to dài có 5 răng, có lông cánh hoa trắng hay đỏ hơi tím có sọc đậm, dài 5 cm; nhị sinh sản 3 - 4, nhị lép cao 1cm. Quả dẹp, dài 15cm, rộng 2, 5cm; hạt 9 - 10, to 10 - 15mm.","Được trồng nhiều ở các xứ nhiệt đới, thường gặp trong các khu rừng rụng lá từ độ cao 500m tới 1500m, từ Sơn La, Lai Châu đến Nghệ An. Có trồng ở các thành phố Hà Nội, Hồ chí Minh."
Calocedrus macrolepis,Bách xanh,creature/plant/Calocedrus_macrolepis.jpg,1,"Cây gỗ thường xanh, thân thẳng, cao 20 - 25 m, đường kính thân 60 - 80 cm, phân cành ngang, tán lá hình tháp rộng hoặc hình dù. Vỏ màu nâu đen, nứt dọc. Lá hình vẩy xếp thành 4 dãy, hai lá vẩy trong to hơn hai lá vẩy bên; vẩy trong dài 5 mm, lá vẩy bên dài 2 mm, mũi tù. Nhìn chung lá gần giống lá Pơ mu (Fokienia hodginsii) nhưng có hai điểm khác là: nhỏ hơn và hai lá vảy trong to hơn hai lá vẩy bên. Nón đơn tính cùng gốc; nón đực đơn độc mọc ở tận cùng cành; nón cái hình bầu dục, dài 12 - 18 mm, rộng 6 mm, gồm 6 vẩy nứt thành 3 mảnh với 2 mảnh bên to và một mảnh giữa nhỏ hơn mang 2 hạt (mỗi vẩy hữu thụ có 1 hạt). Hạt hình trứng dài, có hai cánh không bằng nhau.","Nón xuất hiện tháng 3 - 4, chín vào tháng 9 - 10. Tái sinh bằng hạt tốt, đặc biệt nơi có nhiều ánh sáng. Loài mọc trên núi đất hoặc núi đá vôi, thường ở đường đỉnh hoặc gần đỉnh, trên núi đất loài mọc trong rừng cây lá rộng thường xanh mưa mùa nhiệt đới, ở độ cao từ 900 tới 1800 m"
Centella asiatica,Cây cỏ mã tiền,creature/plant/Centella_asiatica.jpg,1,"Là một loại cây thân thảo nhỏ, thường mọc rải rác và có thân cây chạy ngang trên mặt đất. Đặc điểm nổi bật của cây là lá hình tròn có đường viền răng cưa, thường mọc tập trung ở đỉnh thân cây. Cây có thể có màu xanh tươi hoặc có thể có màu đỏ nhạt, tùy thuộc vào đặc điểm cụ thể của từng giống cây. Ngoài ra, cây cỏ mã tiền còn có hoa màu trắng hoặc hồng nhỏ, mọc ở phía dưới lá.","Cây cỏ mã tiền thích hợp với môi trường sống ẩm ướt và nơi có ánh sáng đầy đủ. Nó thường được tìm thấy ở các khu vực ruộng đất ẩm, ven sông, ao rừng, và các vùng đất ẩm mát. Cây thường mọc tự nhiên trong các môi trường có đất giàu dinh dưỡng và thoát nước tốt. Sự phổ biến của cây cỏ mã tiền chủ yếu xuất phát từ khả năng thích ứng với nhiều loại đất và môi trường khác nhau, làm cho nó trở thành một loại cây thân thảo phổ biến và dễ tìm thấy trong cả nông thôn và đô thị."
Chukrasia tabularis,Lát hoa,creature/plant/Chukrasia_tabularis.jpg,1,"Loài lát hoa có kích thước thuộc loại cây gỗ trung bình, cao tới 25m, thân cây thẳng, gốc có bạnh vè lớn, cành rậm, vỏ thân màu nâu nhạt rạn nứt dọc. Cành non có màu đỏ nâu với lớp lông mịn. Lá kép lông chim một lần chẵn mọc cách, lá có kích thước 30–50 cm. Cuống chính (từ đầu cuống đến lá chét đầu tiên) của lá hình trụ, dài 4,5–7 cm. Mỗi lá chính có 10 - 16 lá chét, cuống lá chét dài từ 4-8 mm, lá chét hình trứng hoặc mũi mác thuôn dài (giai đoạn cây non đôi khi là xẻ thùy), đầu lá chét nhọn đôi khi là có mũi nhọn, đuôi lá chét thường lệch, kích thước lá chét dài 7–12 cm và rộng từ 3–5 cm, hệ gân của lá chét là gân lông chim có từ 10-15 cặp gân phụ, mặt trên lá chét nhẵn, mặt dưới không hoặc phủ nhẹ lớp lông mịn màu nâu nhạt. Hoa tự hình chùy mọc ở đầu cành. Hoa màu trắng kem, có mùi thơm nhẹ, kích thước hoa 1,2 - 1,5 cm. Quả hình cầu hoặc bầu dục màu xám vàng đến nâu, kích thước từ 3,5–4 cm. Mùa hoa từ tháng 4 đến thánh 5, mùa quả từ tháng 7 đến tháng 1 năm sau.","Cây ưa sáng sống lâu, giai đoạn non ưa bóng, sinh trưởng nhanh tới 5 tuổi, từ tuổi thứ 6 trở đi sinh trưởng trung bình tới chậm. Phân bổ tự nhiên ở rừng hỗn giao lá rộng thường xanh hoặc rụng lá, cũng thường rải rác ở thảm thực vật thưa thớt. Độ cao phân bổ từ 300 – 1600 m núi đất tới núi đá vôi."
Cupressus torulosa,Hoàn đàn,creature/plant/Cupressus_torulosa.jpg,1,"Cây gỗ nhỡ, thường xanh, cao 15 - 20 m, đường kính thân 40 - 60 cm, vỏ màu nâu, nứt dọc. Cành non hình trụ hay bốn góc, chia nhánh trên cùng một mặt phẳng, tán lá hình tháp. Lá hình vẩy, xếp thành 4 dãy xít nhau trên cành, tù ở đỉnh, mặt lưng có tuyến nhựa dài tạo thành rãnh hơi rõ. Nón đơn tính cùng gốc; nón đực hình trụ thuôn dài 5 - 6 mm mang 8 - 12 cặp nhị; nón cái gần hình cầu hoặc hình trứng, dài 1,5 - 2 cm, gồm 6 - 8 hoặc hãn hữu tới 14 vảy hình khiên, rốn vẩy lồi hoặc phẳng có mũi nhọn ít nhiều uốn cong. Mỗi vẩy mang 6 - 8 hạt; hạt gần hình cầu, dẹt, đôi khi hình tam giác, thường rộng và có mũi nhọn ở đỉnh, có tuyến nhựa hơi rõ ở mặt trong và một cánh mỏng bao quanh.","Nón xuất hiên tháng 4, hạt chín vào tháng 7 - 10. Cây sinh trưởng chậm, khả năng tái sinh từ hạt kém. Mọc rải rác trong rừng cây lá rộng thường xanh trên núi đá vôi, ở độ cao 300 - 700 m."
Cymbopogon spp.,Cây cỏ tranh,creature/plant/Cymbopogon_spp..jpg,0,"Là một nhóm cây cỏ thuộc họ Hòa thảo (Poaceae), có nhiều loại khác nhau, trong đó Cymbopogon citratus, hay còn gọi là cỏ tranh xanh, là một trong những giống phổ biến được sử dụng trong ẩm thực và y học. Đặc điểm của cây cỏ tranh bao gồm lá hẹp, mọc tụ tập thành các cụm lá mảnh, màu xanh đậm, có hình dáng và mùi thơm đặc trưng. Các loại cây cỏ tranh thường có cảm giác mạnh mẽ và thơm ngon, đặc biệt là khi lá được cắt hoặc xát.","Cây cỏ tranh thích hợp với môi trường sống nhiệt đới và cận nhiệt đới, nơi có ánh sáng đầy đủ và đất thoát nước tốt. Chúng thường được trồng ở vùng đất ẩm ướt, nhưng cũng có khả năng chịu đựng khô hạn một cách tốt. Cây thường được tìm thấy trong các vườn, khu vực nông nghiệp và thậm chí là trong các vườn cây cảnh. Cỏ tranh xanh (Cymbopogon citratus) đặc biệt phổ biến trong nấu ăn và làm thực phẩm vì mùi thơm và hương vị độc đáo của nó."
Dalbergia oliveri,Cẩm lai,creature/plant/Dalbergia_oliveri.jpg,1,"Cây gỗ thường xanh, có tán hình ô, cao 20 - 30m, đường kính thân 0,5 - 0,6m. Vỏ thân màu xám, có đốm trắng hay vàng, không nứt nẻ; phần trong của vỏ có mùi sắn dây. Lá kép lông chim một lần, lẻ, dài 15 - 25cm, có 11 - 15 lá chét. Lá chét hình ngọn giáo - thuôn, dài 4 - 8cm, rộng 1,5 - 3cm, chóp lá tù đến nhọn, gốc lá tù hay tròn, hai mặt nhẵn, gân bên 9 - 12 đôi. Cụm hoa hình chuỳ ở đỉnh cành hay ở nách lá phía đỉnh cành, dài 10 - 15cm. Lá bắc sớm rụng. Hoa nhỏ, màu lam nhạt, dài 12 mm. Đài có ống dài 4 - 5 mm, nhẵn hay có lông, 5 răng. Tràng 5, cánh cờ hình tròn, lõm sâu dài và rộng 7 mm. Nhị 10, hàn liền thành 2 bó. Bầu 2 - 3 ô, có lông. Quả đậu dài 10 - 12cm, rộng 2 - 2,5cm, dẹt, hơi thắt eo ở nơi có hạt. hạt thường 1, đôi khi là 2 trong mỗi quả, hình thận, dẹt, dài 8 - 10 mm, rộng 5 - 6 mm, màu đen nhạt.","Mùa hoa tháng 12 - 1 (năm sau), quả chín tháng 2 - 4 (năm sau), tái sinh bằng hạt, cây sinh trưởng chậm. Cây gặp rải rác trong rừng, nơi ẩm, đất bằng phẳng hoặc có độ dốc nhỏ, tầng đất dày, thoát nước, ở độ cao đến 800 - 900 m."
Dalbergia tonkinensis,Sưa,creature/plant/Dalbergia_tonkinensis.jpg,1,"Là cây gỗ nhỡ, rụng lá theo mùa, cao từ 6-12m (cũng có thể cao tới 15m), sinh trưởng trung bình. Thân cây dạng hợp trục, dáng phân tán. Vỏ thân cây màu vàng nâu hay xám, nứt dọc. Cành non màu xanh, có lông mịn thưa. Lá mọc cách, cấu tạo lá dạng kép lông chim lẻ, mỗi là kép có từ 9-17 lá chét đính so-le trên cuống chính. Lá chét hình xoan thuôn, đầu nhọn hoặc có mũi ngọn, đuôi tròn, mặt dưới phiến lá thường có màu tái trắng. Kích thước lá chét dài từ 6–9 cm, rộng từ 3–5 cm, lá ché đính ở đầu cuống kép thường có kích thước lớn hơn các lá còn lại. Cuống chính và các cuống lá chét không lông, phiên lá chét không lông. Có lá kèm nhỏ không lông, sớm rụng. Hoa mọc ra từ nách lá, thường xuất hiện trước khi lá mọc đầy đủ. Hoa tự tán gồm nhiều bông màu trắng, có kích thước 7-9mm, mùi thơm nhẹ. Mùa hoa vào tháng 2-3. Quả dạng đậu hình trứng thuôn dài, dài 5–7,5 cm, rộng khoảng 2-2,5 cm. Quả chứa 1-2 hạt, mỗi hạt có đường kính khoảng 8-9mm, hình thận dẹp. Quả khi chín không tự nứt.","Là cây ưa sáng, ưa đất sâu, dày, độ ẩm cao. Cây tái sinh bằng hạt và bằng chồi ở nơi có độ che phủ dưới 50%. Cây mọc rải rác trong rừng, trên đất có tầng dày, giàu chất dinh dưỡng, ở độ cao từ thấp tới 600 - 700m, đôi khi tới 1.000m.. Trong tự nhiên tìm thấy trong rừng mưa nhiệt đới và rừng mưa nhiệt đới gió mùa."
Diospyros mun,Mun,creature/plant/Diospyros_mun.jpg,1,"Cây gỗ trung bình, rụng lá, cao 7–18 m, đường kính đến 0,3 m hay hơn, cành nhánh nhẵn, tán rậm. Vỏ ngoài đen, nứt dọc nông. Lá đơn mềm, mọc cách, hình trứng nhọn, gân giữa và gân bên nổi rõ, dài 5,5-6,5 cm; rộng 2-2,2 cm, khi khô có màu đen. Hoa nhỏ, màu vàng đơn tính; hoa đực mọc thành xim 3-5 hoa ở nách lá, hoa cái mọc đơn độc. Hoa đực có đài hợp, hình cốc ngắn, ở phần trên chia thành 4 thùy, màu lục. Tràng hợp thành ống, dài 5 mm, ở trên chia thành 4 thùy màu vàng. Nhị 8; bao phấn hình mũi dùi, dài khoảng 3 mm. Quả nhỏ, đường kính 1,5–2 cm nhẵn, đen, vỏ dày, mang đài tồn tại xẻ 4 thuỳ.","Mun là loài cây ưa sáng, mọc chậm, sống lâu. Mùa hoa mun thường vào tháng 7. Mun tái sinh bằng hạt và chồi; nhất là chồi rễ ở gần gốc.Cây mun mọc rải rác hay thành từng đám trong trảng cây bụi cao rậm, chịu hạn trên đất nghèo ở gần biển, ở nơi có độ cao dưới 800 m"
Erythrophleum fordii,Lim xanh,creature/plant/Erythrophleum_fordii.jpg,1,"Là cây gỗ lớn, cao từ 25m đến trên 30m. Thân thẳng, tròn, gốc có bạnh nhỏ, vỏ màu nâu có nhiều nốt sần màu nâu nhạt sau bong mảng hoặc vẩy lớn, lớp vỏ trong màu nâu đỏ. Nếu cây mọc lẻ thường phân cành thấp, cành non màu xanh lục. Lá kép lông chim 2 lần mọc cách, có 3-4 đôi cuống cấp 2. Hoa tự hình chùm kép. Hoa lưỡng tính gần đều. Quả đậu hình trái xoan thuôn. Hạt dẹt màu nâu đen, xếp lợp lên nhau, vỏ hạt cứng, dây rốn dày và to gần bằng hạt.","Cây mọc chậm. Là cây ưa sáng nhưng lại chịu bóng khi còn nhỏ. Phân bố trên đất sét hoặc sét pha sâu dày, khí hậu nhiệt đới mưa mùa. Có khả năng tái sinh hạt và chồi tốt."
Ficus benghalensis,Cây đa,creature/plant/Ficus_benghalensis.jpg,1,"Cây đa (Ficus benghalensis), còn được biết đến với tên gọi là cây đa bằng, là một loại cây lớn với đặc điểm nổi bật là hệ thống rễ khỏe mạnh và tán lá rộng lớn. Cây thường phát triển với thân cây mạnh mẽ và có thể đạt đến kích thước lớn, tạo nên hình dáng ấn tượng và độc đáo. Lá của cây đa có hình dạng hình trái tim, có màu xanh đậm và có thể có các góc cạnh hoặc mép răng cưa.","Cây đa thích ứng với nhiều loại môi trường sống, nhưng thường được tìm thấy ở vùng nhiệt đới và cận nhiệt đới. Nó thích hợp cho các khu vực rừng mưa và vùng đất ẩm ướt, nhưng cũng có thể sống trong môi trường đất khô và có khả năng chịu hạn chế về nước. Cây đa cũng thường xuất hiện ở các khu vực đô thị và làm cây cảnh do sự hùng vĩ của nó, khả năng tạo bóng mát và tính chất thẩm mỹ của tán lá rộng lớn."
Fokienia,Pơ mu,creature/plant/Fokienia.JPG,1,"Pơ mu là cây thân gỗ lá thường xanh, cao 25–30 m. Cây có vỏ màu ánh nâu-xám dễ bị tróc khi cây còn non. Ở những cây già hơn, trên vỏ có các vết nứt theo chiều dọc, có mùi thơm. Các lá được sắp xếp trong các hệ thống cành nhánh nhỏ bằng phẳng, với các nhánh cây nhỏ nằm trên một mặt phẳng. Lá trên các cây trưởng thành mọc thành các cặp chéo chữ thập đối, các cặp so le không cách nhau đều đặn vì thế chúng biểu hiện như là các vòng xoắn 4 trên cùng một mức; chúng hơi sắc, dài khoảng 2–5 mm, phía trên xanh sẫm với các dải khí khổng màu trắng phía dưới. Các lá ở phần bên có dạng hình trứng và bị nén, còn các lá mặt có dạng mác ngược với đỉnh tam giác. Trên các cây non thì các lá lớn hơn, dài tới 8–10 mm và rộng 6 mm. Các nón đực có hình trái xoan hoặc hình trụ, dài khoảng 2,5 mm, phần cuối trên chồi cây. Chúng có từ 3 đến 5 cặp vảy bắc. Các nón cái lớn hơn nhiều, dài 15–25 mm và rộng 14–22 mm, dạng hình cầu hay gần như hình cầu và chín vào năm thứ hai. Chúng có 5-8 cặp vảy bắc. Trên mỗi vảy bắc có 2 hạt có cánh. Các hạt dài khoảng 4 mm, có góc cạnh và đầu nhọn. Trên các mặt trên và dưới có 2 chỗ phồng lớn chứa nhựa. Các cánh ở hai bên và không đều nhau.","Loài cây này không chịu được bóng râm, và cần có khí hậu mát mẻ, nhiều mưa. Nó mọc trên các loại đất ẩm trong các khu vực miền núi. Tại Việt Nam, nó mọc trên các địa hình đất đá vôi hay đất nguồn gốc granit từ độ cao 900 - 2400m mọc rải rác hoặc tạo thành rừng thuần loại hay đơn độc ở trên sườn hoặc đỉnh núi ."
Glyptostrobus pensilis,Thông nước,creature/plant/Glyptostrobus_pensilis.jpg,1,"Cây gỗ trung bình đến to, thân cao đến 30 m hay hơn, đường kính thân 0,6 – 1 m hay hơn. Vỏ dày, hơi xốp, màu xám, nứt dọc. Cây có rễ khí sinh không bị ngập, phát sinh từ rễ bên, cao 30 cm, mọc lan xa cách gốc tới 6–7 m. Cây rụng lá, có tán hình nón hẹp. Lá có 2 dạng: ở cành dinh dưỡng có hình dùi, dài 0,6-1,3 cm, xếp thành 2-3 dãy và rụng vào mùa khô, ở cành sinh sản có hình vảy, dài 0,4 cm và không rụng. Nón đơn tính, cùng gốc, mọc riêng rẽ ở đầu cành.Nón cái hình quả lê, mỗi vảy mang 2 noãn. Sau khi thụ tinh các vảy hóa gỗ và dính nhau ở gốc tạo thành một nón dài 1,8 cm, rộng 1,2 cm với các vảy gần như liền nhau 7 - 9 mũi nhọn hình tam giác, hơi uốn cong ra phía ngoài. Mỗi vảy mang 2 hạt, hình trứng, dài 13 mm, rộng 3 mm, mang cánh hướng xuống dưới.","Nón xuất hiện tháng 2-3, hạt chín vào tháng 11-12 và tồn tại tới mùa xuân năm sau. Rất ít gặp cây con tái sinh. Thông nước mọc rải rác trong một số rừng nhiệt đới nửa rụng lá trên đất feralit màu nâu đỏ hoặc nâu vàng sình lầy đọng nước, ở độ cao khoảng 700 m."
Momordica cochinchinensis,Cây gấc,creature/plant/Glyptostrobus_pensilis.jpg,1,"Là một loại cây leo thuộc họ Bầu bí (Cucurbitaceae), nổi bật với trái màu đỏ cam khi chín, thường được sử dụng trong thực phẩm và y học truyền thống. Đặc điểm nổi bật của cây bao gồm lá to, lòng bàn tay chia thành các thùy lớn, và hoa màu vàng. Trái của cây gấc có hình dạng đặc trưng, dài hình chảo, và chứa nhiều hạt màu đỏ cam.","Cây gấc thích hợp với môi trường sống ẩm ướt, đất thoát nước tốt, và nó thường được trồng ở các vùng nhiệt đới và cận nhiệt đới. Nó phát triển tốt trong điều kiện ánh sáng đầy đủ và thường được trồng làm cây leo che phủ hay cây leo cổng trang trí trong các khu vườn và nông trại. Cây gấc cũng có khả năng chịu nhiệt độ cao, làm cho nó thích ứng tốt với môi trường khí hậu ấm áp và mùa khô của các vùng nhiệt đới và cận nhiệt đới."
Morinda officinalis,Cây ba kích,creature/plant/Morinda_officinalis.jpg,1,"Cây bụi trườn hoặc dây leo gỗ nhỏ. Lá thuôn, nhẵn. Lá kèm thành bẹ ôm lấy thân. Cụm hoa đầu, gồm 8 - 10 hoa. Hoa mẫu 4 (4 lá đài, 4 cánh hoa, 4 nhị). Lá đài hình tam giác đều. Tràng màu trắng. Nhị đính ở đáy của sống tràng. Bầu nhẵn, vòi chẻ đôi ở đỉnh. Quả chín màu đỏ. Rễ cây cong queo, nhiều đoạn thắt nghẹt như ruột gà.","Mùa hoa tháng 5 - 6, mùa quả chín tháng 11 - 12. Cây tái sinh bằng hạt hoặc chồi. Cây mọc hoang trong các trảng cây bụi và rừng thưa, ở ven rừng rậm, ưa sáng và ẩm."
Panax vietnamensis,Cây sương sâm,creature/plant/Panax_vietnamensis.jpg,1,"Cây sương sâm (Panax vietnamensis) là một loài cây thuộc họ Araliaceae, nổi tiếng với giá trị dược liệu cao. Đặc điểm nổi bật của cây bao gồm các lá mọc tuần hoàn xung quanh thân cây, hình dáng lá tương tự lá quạt, có mặt lông mịn phủ bề mặt. Thân cây thường mảnh và có thể cao đến một số mét, mang đến cho cây sương sâm diện mạo độc đáo và thu hút. Hạt quả của cây cũng chứa nhiều hạt màu đỏ, tạo nên một hình ảnh đẹp mắt khi cây chín.","Cây sương sâm thường mọc ở những vùng đất núi có độ cao từ 800 mét trở lên, đặc biệt là ở các tỉnh miền Trung Việt Nam như Kon Tum, Quảng Nam, Gia Lai, và Đắk Lắk. Cây thích hợp với môi trường sống ẩm, bóng mát và đất giàu dinh dưỡng. Môi trường núi cao, với khí hậu mát mẻ và độ ẩm lớn, giúp cây sương sâm phát triển và phát huy tốt các tính chất dược liệu mà loài cây này nổi tiếng."
Polygonatum spp.,Cây hoàng liên,creature/plant/Polygonatum_spp..jpg,1,"Thuộc họ Asparagaceae, là một nhóm cây có đặc điểm lá mảnh mọc xen kẽ và thân cây thường cong có thể leo. Các loài trong chi này thường có hoa hình chuông nhỏ và quả màu đỏ hoặc đen. Cây hoàng liên nổi tiếng với cành thân mập mạp, nhẵn bóng và môi trường sống khá đa dạng.","Cây hoàng liên thích hợp với môi trường sống của khu vực ôn đới đến cận ôn đới. Chúng thường được tìm thấy ở các vùng núi cao, rừng ôn hòa và ẩm ướt, đặc biệt là ở những nơi có đất giàu hữu cơ và thoát nước tốt. Cây này có thể mọc tự nhiên dọc theo sườn đồi hoặc trong khu rừng ẩm, nơi mà độ ẩm đủ và ánh sáng có thể đáp ứng nhu cầu phát triển của chúng. Cây hoàng liên thường được ưa chuộng trong việc trồng làm cây cảnh hoặc trong vườn rừng ẩm, tạo nên không gian thiên nhiên tinh tế và độc đáo."
Polyscias fruticosa,Cây đinh lăng,creature/plant/Polyscias_fruticosa.jpg,0,"Cây bụi, thân sần sùi, mang nhiều vết sẹo do lá rụng để lại, cao 0, 8-1, 5 m. Lá kép lông chim 2-3 lần, mọc so le. Lá chét chia thùy nhọn không đềucó răng cưa ở mép lá, đáy cuống phình to thành bẹ lá.. Lá kèm dạng phiến mỏng dính hai bên bẹ lá. Cụm hoa kiểu chùm tán ở ngọn cành gồm nhiều hoa nhỏ, lưỡng tính. Lá bắc hình tam giác nhọn hợp thành tổng bao lá bắc ở gốc cuống hoa . Quả hạch dẹt mang vòi nhụy và đài tồn tại, vỏ quả màu xanh đậm có những nốt tròn.","Cây đinh lăng thích hợp với môi trường sống ẩm ướt và không khí mát mẻ. Mặc dù có thể phát triển trong ánh sáng yếu, nhưng chúng thích ứng tốt với ánh sáng trực tiếp hoặc gián tiếp. Môi trường nội thất với độ ẩm tương đối cao và nhiệt độ ổn định là lựa chọn lý tưởng cho cây đinh lăng phát triển và giữ được hình thức lá đẹp mắt của mình. Cây này thường được trồng trong chậu và đặt trong những nơi có ánh sáng tự nhiên đủ và không gian thoải mái."
Prunus spp.,Cây anh đào,creature/plant/Prunus_spp..jpg,1,"Là một nhóm cây thuộc họ hồ tiêu (Rosaceae), bao gồm nhiều giống và loài khác nhau. Đặc điểm chung của cây anh đào bao gồm lá mọc xen kẽ, có hình dáng hình bát giác, và hoa lớn, thường mọc thành cụm đài hoa rực rỡ. Hoa anh đào có nhiều màu sắc, từ trắng tinh khôi đến hồng nồng, tùy thuộc vào giống cây cụ thể.","Cây anh đào thích hợp với môi trường sống mát mẻ đến ôn đới, có ánh sáng đầy đủ và đất thoát nước tốt. Chúng thường được tìm thấy ở các vùng núi có độ cao trung bình, nơi có mùa đông lạnh giá và mùa hè ấm áp. Đất phù sa, giàu hữu cơ và có độ pH từ 6.0 đến 7.5 là lựa chọn lý tưởng cho sự phát triển của cây anh đào. Cây thường được trồng làm cây cảnh trong vườn, công viên, và các khu vực trang trí khác, tạo ra không gian tinh tế và quyến rũ, đặc biệt là trong mùa hoa anh đào nở."
Rhododendron,Cây đỗ quyên,creature/plant/Rhododendron.jpg,1,"Cây đỗ quyên (Rhododendron) là một loại cây cảnh quan trang trí phổ biến với đặc điểm nổi bật là tán lá rậm rạp và hoa đẹp mắt. Lá của cây thường có màu xanh đậm, hình dáng và kích thước có thể thay đổi tùy thuộc vào loài cụ thể. Hoa của cây đỗ quyên là đặc trưng nhất, thường có màu sắc rực rỡ và hình dáng độc đáo, tạo nên một diện mạo hấp dẫn trong các vườn hoa và công viên.","Cây đỗ quyên thường được tìm thấy ở những khu vực có khí hậu mát mẻ đến lạnh, thích hợp cho sự phát triển của loại cây này. Môi trường sống lý tưởng cho cây đỗ quyên bao gồm vùng núi với đất giàu hữu cơ, độ pH axit đến trung bình, và độ ẩm đủ. Các loài đỗ quyên thích ứng với nhiều loại đất khác nhau, từ đất phù sa đến đất sét, nhưng thường được tìm thấy ở vùng núi cao và rừng mưa ôn hòa, nơi chúng có thể tận hưởng điều kiện thời tiết mát mẻ và ẩm ướt."
Rhodomyrtus tomentosa,Cây sơn trà,creature/plant/Rhodomyrtus_tomentosa.jpg,1,"Cây bụi cao 1 - 3 m, thân non màu vàng nâu, có nhiều lông mịn; thân già màu nâu đen có các đường nứt chạy dài, tiết diện tròn. Lá đơn, mọc đối. Lá mọc đối, phiến lá dày, chóp tù, mép lá nguyên, phiến lá hình xoan, gốc nhọn, đầu tròn, dài 5 - 7 cm, rộng 3 - 4 cm; bìa phiến nguyên hơi cong xuống phía dưới; lá già mặt trên màu xanh lục đậm, nhẵn bóng, mặt dưới màu vàng xanh có rất nhiều lông mịn; lá non có lông ở cả 2 mặt. Gân lá hình lông chim nổi rõ mặt dưới, 9 - 10 cặp gân phụ; cặp gân phụ thứ nhất rất mờ xuất phát từ gốc chạy dọc sát theo bìa phiến tới ngọn; cặp thứ 2 to xuất phát cách đáy phiến 0,7 - 1 cm chạy song song theo mép lá cách bìa phiến 0,3 - 0,5 mm và nối với các cặp gân phụ còn lại. Cuống lá hình trụ, màu vàng nâu, có nhiều lông mịn, dài 1 - 1,2 cm. Không có lá kèm.Hoa màu hồng tím, mọc riêng lẻ hoặc 3 cái một ở nách lá (đôi khi có hoa màu trắng). Hoa đều, lưỡng tính, mẫu 5. Cuống hoa hình trụ, có nhiều lông mịn, dài 0,8 - 1,2 cm. Lá bắc dạng lá, cuống hình trụ dài 0,3 - 0,4 cm; phiến màu xanh, hình bầu dục, nhiều lông mịn, có 3 gân chính màu vàng nâu nổi rõ ở mặt dưới, dài 0,3 - 1 cm.Quả màu xanh, khi chín mọng màu tím sẫm, chứa nhiều hạt.","Cây thường mọc khắp trên các vùng đất trống, nương, rẫy bỏ hoang. Cây chịu được đất cằn, chịu hạn, tái sinh hạt, tái sinh chồi rất tốt. Cây ra hoa tháng 4 - 5, có quả tháng 8 - 9."
Rubus alceifolius,Cây mâm xôi,creature/plant/Rubus_alceifolius.jpg,1,"Cây mâm xôi (Rubus alceifolius) là một loài cây leo có thân cây linh hoạt, có thể bò trên mặt đất hoặc leo lên cấu trúc khác. Chiều cao của cây thường nằm trong khoảng 30-60 cm. Lá của cây có hình dạng chét với góc răng cưa, mặt dưới mảnh. Cây mâm xôi nổi bật với quả mâm xôi lớn, màu đỏ khi chín, mang lại ấn tượng thị giác đặc trưng.","Cây mâm xôi thích hợp với môi trường sống ẩm ướt và ôn hòa. Nó phát triển mạnh mẽ trong đất giàu chất hữu cơ và có khả năng thoát nước tốt. Môi trường với nguồn nước đầy đủ và đều cũng là yếu tố quan trọng. Cây này ưa ánh sáng trực tiếp mặt trời và thường được tìm thấy ở các vùng có ánh sáng mặt trời đầy đủ. Mâm xôi có khả năng chịu đựng với điều kiện khô hanh trong một số trường hợp, làm cho nó phổ biến trong nhiều loại đất và điều kiện khí hậu khác nhau."
Sansevieria trifasciata,Cây lưỡi hổ,creature/plant/Sansevieria_trifasciata.jpg,1,"Cây lưỡi hổ (Sansevieria trifasciata) là một loài cây cảnh nội thất phổ biến được biết đến với những đặc điểm thân mảnh, lá dày và màu xanh đậm. Đặc biệt, lá của cây có hình dạng dẹp và dài, giống như một chiếc lưỡi hổ, từ đó xuất phát tên gọi của nó. Lá của cây thường có các vằn sáng trên bề mặt, tạo nên một kiểu dáng trang trí độc đáo và thu hút.","Cây lưỡi hổ có khả năng chịu khói, bụi và có thể sống trong điều kiện ánh sáng yếu, làm cho nó trở thành một lựa chọn phổ biến cho việc trang trí nơi làm việc hoặc những khu vực có ánh sáng không đủ. Ngoài ra, cây cũng có khả năng chịu được nhiệt độ và độ ẩm biến đổi, giúp nó thích ứng tốt trong nhiều môi trường sống khác nhau. Mặt khác, cây lưỡi hổ cũng có thể phát triển tốt trong đất trồng giả mạo và không đòi hỏi nhiều chăm sóc, làm cho nó trở thành một lựa chọn lý tưởng cho những người mới chơi cây cảnh."
Sapium baccatum,Cây bứa,creature/plant/Sapium_baccatum.jpg,1,"Cây thường xanh, cao 10 - 15m, đường kính 30 - 60cm. Vỏ ngoài xám trắng, nứt dọc nông. Cành non mảnh, màu lục phấn, lúc non có cạnh nổi lên. Lá đơn, mọc cách, hình bầu dục rộng, đầu có mũi nhọn hay mũi lồi, gốc tròn hay tù, mặt trên có ánh bóng, mặt dưới màu lục phấn, dài 6 - 11 cm, rộng 3 - 6 cm, gân bên 11 - 13 đôi, cuống lá có 2 tuyến, ở mép gốc lá. Lá kèm sớm rụng.Cụm hoa nhiều 10 - 15 bông, thành nhóm dạng chùy ở đầu cành hay nách lá, hoa cái ở gốc hay hoàn toàn hoa đực, rất nhiều hoa khá dày, dài 4 - 12cm, hoa đực thành nhóm khoảng 6, nổi lên, nằm ở gốc 1 lá bắc hình trứng ngược, ở cạnh hai tuyến hình bầu dục dài, hằn thành nhiều góc. Hoa đực, cánh đài hình khuyên, hơi có răng dạng thùy nhỏ. Nhị 2. Hoa cái cao 5mm, lá bắc hình tim nhọn. Cánh đài hình khuyên xẻ thùy nhỏ. Bầu dạng trứng hơi dẹt, 2 ô, mỗi ô một noãn, vòi 2, hơi dính ở gốc.Quả mọng dẹt gần sinh đôi, thót dần về phía gốc, dài 13mm, rộng 11mm, đầu tròn màu lục phấn. Hạt 2, gần hình cầu.","Cây ưa sáng, sinh trưởng nhanh, thường gặp ở rừng phục hồi sau nương rẫy khai thác và cháy rừng. đòi hỏi đất tương đối khắt khe, phân bố chủ yếu trên đất feralit có độ phì cao, tầng dày, màu mỡ, ẩm, thoát nước. Tái sinh bằng 2 phương thức hạt và chồi, kể cả chồi rễ."
Stevia rebaudiana,Cây cỏ ngọt,creature/plant/Stevia_rebaudiana.jpg,0,"Cây cỏ ngọt, hay Stevia rebaudiana, thường có chiều cao từ 30-60 cm, với hình dạng của cụm lá nhỏ và lá mảnh, tạo nên bức tranh giống như cây cỏ. Lá của cây là nguồn chính của chất ngọt, với màu xanh đậm và có thể xuất hiện một lớp nhuyễn trắng. Chúng chứa các hợp chất diterpene glycoside như Stevioside và Rebaudioside A, đó là những chất mang lại đặc tính ngọt tự nhiên cho cây.","Cây cỏ ngọt thích hợp với môi trường sống ấm áp và nhiệt đới, thường phát triển mạnh mẽ trong đất có khả năng thoát nước tốt và nhu cầu nước đều đặn. Một pH đất từ 6.7 đến 7.2 là lý tưởng. Cây này cần ánh sáng trực tiếp mặt trời hoặc ánh sáng giả mạo để phát triển tốt. Yêu cầu về nước của Stevia đều, giúp duy trì độ ẩm đất, nhưng cây cũng có sự chịu đựng với điều kiện khô hạn trong một số trường hợp."
Terminalia catappa,Cây bàng,creature/plant/Terminalia_catappa.jpg,0,"Cây bàng (Terminalia catappa), còn được biết đến với tên gọi là cây bàng gai hay cây bàng biển, là một loại cây có nguồn gốc từ khu vực nhiệt đới và cận nhiệt đới. Đặc điểm nổi bật của cây bàng bao gồm lá xanh to lớn, hình dáng hơi hình chóp, với đỉnh lá nhọn và gốc hình trái tim. Lá cây có màu xanh bóng và thường thả rụng vào mùa khô, tạo ra một cảnh quan nổi bật và mát mẻ. Cây cũng cho quả màu đỏ khi chín, tạo thêm sự phong cách cho cây.","Cây bàng thích hợp với môi trường sống ấm áp và nhiệt đới, thường được tìm thấy ở ven biển và các khu vực cận nước. Nó có khả năng chịu chập chờn từ gió biển và nước mặn, làm cho nó trở thành một cây phổ biến trồng ở các khu vực ven biển của Việt Nam. Cây thích ứng tốt với nhiều loại đất và có thể sống trong điều kiện ánh sáng mặt trời đầy đủ, làm cho nó trở thành một cây lựa chọn phổ biến cho trang trí cảnh quan ở khu vực nhiệt đới."